{"cameraMode":{"drawMode":0,"name":"Shaded","section":"Shading Mode"},"sceneLighting":true,"audioPlay":false,"sceneViewState":{"showFog":true,"showMaterialUpdate":false,"showSkybox":true,"showFlares":true,"showImageEffects":true,"showParticleSystems":true},"in2DMode":false,"pivot":{"x":-13.295797348022461,"y":16.062292098999025,"z":21.558731079101564},"rotation":{"x":-0.1451975405216217,"y":0.036201417446136478,"z":-0.005314521491527557,"w":-0.9887319803237915},"size":69.32405090332031,"orthographic":false}